{
  "train_loss": [
    0.4327713832259178,
    0.309400216702904,
    0.29098645363535197,
    0.29192272531134744,
    0.26348707782370706,
    0.2680436040673937,
    0.25815671405621937,
    0.2351826882788113,
    0.2303123244217464,
    0.21571528666785786
  ],
  "train_cls_loss": [
    0.3975945032068661,
    0.306499270349741,
    0.29018920511007307,
    0.2915293602006776,
    0.26324704055275233,
    0.26786145461457117,
    0.25805010689156394,
    0.2351359337568283,
    0.2302240884729794,
    0.2156875664634364
  ],
  "train_reg_loss": [
    0.07035375600015478,
    0.005801889220518725,
    0.0015944960098879944,
    0.0007867270943409364,
    0.00048007601529077094,
    0.0003643007391864168,
    0.0002132140773028368,
    9.350669487113399e-05,
    0.00017647346137112307,
    5.54396303219359e-05
  ],
  "val_loss": [
    0.12410887330770493,
    0.04154600575566292,
    0.0639185830950737,
    0.005843182094395161,
    0.0018520659068599343,
    0.007265740539878607,
    0.09217160940170288,
    0.010737523436546326,
    0.0023385826498270035,
    0.0035916022025048733
  ],
  "val_cls_loss": [
    0.12410887330770493,
    0.04154600575566292,
    0.0639185830950737,
    0.005843182094395161,
    0.0018520659068599343,
    0.007265740539878607,
    0.09217160940170288,
    0.010737523436546326,
    0.0023385826498270035,
    0.0035916022025048733
  ],
  "val_reg_loss": [
    0.0,
    0.0,
    0.0,
    0.0,
    0.0,
    0.0,
    0.0,
    0.0,
    0.0,
    0.0
  ],
  "val_accuracy": [
    1.0,
    1.0,
    1.0,
    1.0,
    1.0,
    1.0,
    1.0,
    1.0,
    1.0,
    1.0
  ]
}