{
  "train_loss": [
    0.2989643984607288,
    0.21513507728065764,
    0.19412869481103762,
    0.17856960924608367,
    0.16777915230819157,
    0.158323066255876,
    0.14669948358620916,
    0.1346238343843392,
    0.131671911158732,
    0.12454736488206046
  ],
  "train_cls_loss": [
    0.29558793561799185,
    0.21474316428814616,
    0.19393855652638844,
    0.17849216333457402,
    0.1677459567785263,
    0.15830365610974176,
    0.1466804055230958,
    0.13460592361433166,
    0.13165292835661344,
    0.12452885881066322
  ],
  "train_reg_loss": [
    0.006752931001912137,
    0.0007838271317138736,
    0.00038027767046254924,
    0.00015489174397121782,
    6.639318322153746e-05,
    3.8820311133999245e-05,
    3.8156437559726846e-05,
    3.582125141942275e-05,
    3.796471032079093e-05,
    3.701275897713328e-05
  ],
  "val_loss": [
    0.6599285180370013,
    0.5404130135973294,
    0.6537292048335075,
    0.6230954156567653,
    0.5129602577692519,
    0.5531975168424348,
    0.6292911980708595,
    0.6938954161441264,
    0.7208008470081647,
    0.9401995848903122
  ],
  "val_cls_loss": [
    0.6597516571482023,
    0.5402962729334831,
    0.6536358589927356,
    0.6230447964121898,
    0.5129094309018304,
    0.5531709669468303,
    0.6292575472752409,
    0.6938698795274831,
    0.720776478642559,
    0.9401734790493114
  ],
  "val_reg_loss": [
    0.0003537274620612152,
    0.00023348608532008558,
    0.00018667929083070097,
    0.00010123312543631376,
    0.00010165339299419429,
    5.311900052523318e-05,
    6.730742473640325e-05,
    5.108586895706442e-05,
    4.8735415051244974e-05,
    5.219840501619425e-05
  ],
  "val_accuracy": [
    0.81100611450806,
    0.81100611450806,
    0.81100611450806,
    0.81100611450806,
    0.81100611450806,
    0.81100611450806,
    0.8082267926625903,
    0.7776542523624236,
    0.7973874374652585,
    0.7996108949416343
  ]
}